timestamp,temp_interna,temp_externa
2026-04-28 20:00:00,24.5,31.2
2026-04-28 20:00:30,24.6,31.1
2026-04-28 20:01:00,24.6,31.0
2026-04-28 20:01:30,24.7,30.9
2026-04-28 20:02:00,24.8,30.8
2026-04-28 20:02:30,24.8,30.7
2026-04-28 20:03:00,24.9,30.6
2026-04-28 20:03:30,25.0,30.5
2026-04-28 20:04:00,25.0,30.4
2026-04-28 20:04:30,25.1,30.3
2026-04-28 20:05:00,25.1,30.2
2026-04-28 20:05:30,25.2,30.1
2026-04-28 20:06:00,25.3,30.0
2026-04-28 20:06:30,25.3,29.9
2026-04-28 20:07:00,25.4,29.8
2026-04-28 20:07:30,25.4,29.7
2026-04-28 20:08:00,25.5,29.6
2026-04-28 20:08:30,25.6,29.5
2026-04-28 20:09:00,25.6,29.4
2026-04-28 20:09:30,25.7,29.3
2026-04-28 20:10:00,25.7,29.2